BEGIN TRANSACTION;
CREATE TABLE "Subjects" (
	`SubjectID`	INTEGER,
	`Name`	TEXT,
	PRIMARY KEY(SubjectID)
);
INSERT INTO `Subjects` VALUES (1,'Architecture');
INSERT INTO `Subjects` VALUES (2,'Biology');
INSERT INTO `Subjects` VALUES (3,'Biomedical Engineering');
INSERT INTO `Subjects` VALUES (4,'Building Construction');
INSERT INTO `Subjects` VALUES (5,'Business Analytics');
INSERT INTO `Subjects` VALUES (6,'Chemistry');
INSERT INTO `Subjects` VALUES (7,'Civil Engineering');
INSERT INTO `Subjects` VALUES (8,'Communication');
INSERT INTO `Subjects` VALUES (9,'Computer Science');
INSERT INTO `Subjects` VALUES (10,'Construction');
INSERT INTO `Subjects` VALUES (11,'Construction License');
INSERT INTO `Subjects` VALUES (12,'Construction Management');
INSERT INTO `Subjects` VALUES (13,'Construction Mgmt Certificate');
INSERT INTO `Subjects` VALUES (14,'Cooperative Education (Co-op)');
INSERT INTO `Subjects` VALUES (15,'Design');
INSERT INTO `Subjects` VALUES (16,'EPIC Themes in Hum & Soc Sci');
INSERT INTO `Subjects` VALUES (17,'Economics');
INSERT INTO `Subjects` VALUES (18,'Electromechanical');
INSERT INTO `Subjects` VALUES (19,'Electronics');
INSERT INTO `Subjects` VALUES (20,'Engineering');
INSERT INTO `Subjects` VALUES (21,'English');
INSERT INTO `Subjects` VALUES (22,'Facilities Management');
INSERT INTO `Subjects` VALUES (23,'Facility Management Cert');
INSERT INTO `Subjects` VALUES (24,'First Year Seminar');
INSERT INTO `Subjects` VALUES (25,'History');
INSERT INTO `Subjects` VALUES (26,'Humanities');
INSERT INTO `Subjects` VALUES (27,'Industrial Design');
INSERT INTO `Subjects` VALUES (28,'Interior Design');
INSERT INTO `Subjects` VALUES (29,'Journeyman Electrician');
INSERT INTO `Subjects` VALUES (30,'Literature');
INSERT INTO `Subjects` VALUES (31,'Machine Tooling');
INSERT INTO `Subjects` VALUES (32,'Management');
INSERT INTO `Subjects` VALUES (33,'Manufacturing');
INSERT INTO `Subjects` VALUES (34,'Mathematics');
INSERT INTO `Subjects` VALUES (35,'Mechanical');
INSERT INTO `Subjects` VALUES (36,'Non-Credit AutoCAD');
INSERT INTO `Subjects` VALUES (37,'Philosophy');
INSERT INTO `Subjects` VALUES (38,'Physics');
INSERT INTO `Subjects` VALUES (39,'Political Science');
INSERT INTO `Subjects` VALUES (40,'Project Management');
INSERT INTO `Subjects` VALUES (41,'Psychology');
INSERT INTO `Subjects` VALUES (42,'Research Methods');
INSERT INTO `Subjects` VALUES (43,'Sociology');
INSERT INTO `Subjects` VALUES (44,'Surveying');
INSERT INTO `Subjects` VALUES (45,'Technology Management');
INSERT INTO `Subjects` VALUES (46,'Welding');
CREATE TABLE `RequiredCourses` (
	`MajorID`	INTEGER,
	`ClassID`	INTEGER,
	`Semester`	INTEGER,
	`Year`	TEXT,
	PRIMARY KEY(MajorID,ClassID,Semester,Year)
);
INSERT INTO `RequiredCourses` VALUES (6,1103,1,'Freshman');
INSERT INTO `RequiredCourses` VALUES (6,1099,1,'Freshman');
INSERT INTO `RequiredCourses` VALUES (6,1352,1,'Freshman');
INSERT INTO `RequiredCourses` VALUES (6,723,1,'Freshman');
INSERT INTO `RequiredCourses` VALUES (6,1161,4,'Sophomore');
INSERT INTO `RequiredCourses` VALUES (6,1179,4,'Sophomore');
INSERT INTO `RequiredCourses` VALUES (6,268,4,'Sophomore');
INSERT INTO `RequiredCourses` VALUES (6,847,4,'Sophomore');
INSERT INTO `RequiredCourses` VALUES (6,1187,7,'Junior');
INSERT INTO `RequiredCourses` VALUES (6,1235,7,'Junior');
INSERT INTO `RequiredCourses` VALUES (6,353,7,'Junior');
INSERT INTO `RequiredCourses` VALUES (6,848,7,'Junior');
INSERT INTO `RequiredCourses` VALUES (6,1241,10,'Senior');
INSERT INTO `RequiredCourses` VALUES (6,1239,10,'Senior');
INSERT INTO `RequiredCourses` VALUES (6,331,10,'Senior');
INSERT INTO `RequiredCourses` VALUES (1,0,1,'Freshman');
INSERT INTO `RequiredCourses` VALUES (1,1051,1,'Freshman');
INSERT INTO `RequiredCourses` VALUES (1,723,1,'Freshman');
INSERT INTO `RequiredCourses` VALUES (1,20,4,'Sophomore');
INSERT INTO `RequiredCourses` VALUES (1,27,4,'Sophomore');
INSERT INTO `RequiredCourses` VALUES (1,35,4,'Sophomore');
INSERT INTO `RequiredCourses` VALUES (1,37,4,'Sophomore');
INSERT INTO `RequiredCourses` VALUES (1,850,4,'Sophomore');
INSERT INTO `RequiredCourses` VALUES (1,40,7,'Junior');
INSERT INTO `RequiredCourses` VALUES (1,46,7,'Junior');
INSERT INTO `RequiredCourses` VALUES (1,48,7,'Junior');
INSERT INTO `RequiredCourses` VALUES (1,851,7,'Junior');
INSERT INTO `RequiredCourses` VALUES (1,71,10,'Senior');
INSERT INTO `RequiredCourses` VALUES (1,51,10,'Senior');
INSERT INTO `RequiredCourses` VALUES (1,57,10,'Senior');
INSERT INTO `RequiredCourses` VALUES (1,853,10,'Senior');
INSERT INTO `RequiredCourses` VALUES (7,1103,1,'Freshman');
INSERT INTO `RequiredCourses` VALUES (7,1352,1,'Freshman');
INSERT INTO `RequiredCourses` VALUES (7,98,1,'Freshman');
INSERT INTO `RequiredCourses` VALUES (7,652,1,'Freshman');
INSERT INTO `RequiredCourses` VALUES (7,723,1,'Freshman');
INSERT INTO `RequiredCourses` VALUES (7,1415,4,'Sophomore');
INSERT INTO `RequiredCourses` VALUES (7,599,4,'Sophomore');
INSERT INTO `RequiredCourses` VALUES (7,268,4,'Sophomore');
INSERT INTO `RequiredCourses` VALUES (7,113,4,'Sophomore');
INSERT INTO `RequiredCourses` VALUES (7,196,7,'Junior');
INSERT INTO `RequiredCourses` VALUES (7,1213,7,'Junior');
INSERT INTO `RequiredCourses` VALUES (7,130,7,'Junior');
INSERT INTO `RequiredCourses` VALUES (7,854,7,'Junior');
INSERT INTO `RequiredCourses` VALUES (7,512,10,'Senior');
INSERT INTO `RequiredCourses` VALUES (5,941,1,'Freshman');
INSERT INTO `RequiredCourses` VALUES (5,946,1,'Freshman');
INSERT INTO `RequiredCourses` VALUES (5,723,1,'Freshman');
INSERT INTO `RequiredCourses` VALUES (5,1051,1,'Freshman');
INSERT INTO `RequiredCourses` VALUES (5,567,4,'Sophomore');
INSERT INTO `RequiredCourses` VALUES (5,956,4,'Sophomore');
INSERT INTO `RequiredCourses` VALUES (5,951,4,'Sophomore');
INSERT INTO `RequiredCourses` VALUES (5,952,4,'Sophomore');
INSERT INTO `RequiredCourses` VALUES (5,986,7,'Junior');
INSERT INTO `RequiredCourses` VALUES (5,1001,7,'Junior');
INSERT INTO `RequiredCourses` VALUES (5,1020,7,'Junior');
INSERT INTO `RequiredCourses` VALUES (5,858,7,'Junior');
INSERT INTO `RequiredCourses` VALUES (5,1328,7,'Junior');
INSERT INTO `RequiredCourses` VALUES (5,512,10,'Senior');
INSERT INTO `RequiredCourses` VALUES (2,396,1,'Freshman');
INSERT INTO `RequiredCourses` VALUES (2,404,1,'Freshman');
INSERT INTO `RequiredCourses` VALUES (2,723,1,'Freshman');
INSERT INTO `RequiredCourses` VALUES (2,1081,1,'Freshman');
INSERT INTO `RequiredCourses` VALUES (2,154,1,'Freshman');
INSERT INTO `RequiredCourses` VALUES (2,417,4,'Sophomore');
INSERT INTO `RequiredCourses` VALUES (2,439,4,'Sophomore');
INSERT INTO `RequiredCourses` VALUES (2,429,4,'Sophomore');
INSERT INTO `RequiredCourses` VALUES (2,963,4,'Sophomore');
INSERT INTO `RequiredCourses` VALUES (2,560,4,'Sophomore');
INSERT INTO `RequiredCourses` VALUES (2,462,7,'Junior');
INSERT INTO `RequiredCourses` VALUES (2,471,7,'Junior');
INSERT INTO `RequiredCourses` VALUES (2,449,7,'Junior');
INSERT INTO `RequiredCourses` VALUES (2,512,10,'Senior');
INSERT INTO `RequiredCourses` VALUES (8,652,1,'Freshman');
INSERT INTO `RequiredCourses` VALUES (8,688,1,'Freshman');
INSERT INTO `RequiredCourses` VALUES (8,723,1,'Freshman');
INSERT INTO `RequiredCourses` VALUES (8,1103,1,'Freshman');
INSERT INTO `RequiredCourses` VALUES (8,1352,1,'Freshman');
INSERT INTO `RequiredCourses` VALUES (8,208,4,'Sophomore');
INSERT INTO `RequiredCourses` VALUES (8,211,4,'Sophomore');
INSERT INTO `RequiredCourses` VALUES (8,858,4,'Sophomore');
INSERT INTO `RequiredCourses` VALUES (8,172,4,'Sophomore');
INSERT INTO `RequiredCourses` VALUES (8,1161,4,'Sophomore');
INSERT INTO `RequiredCourses` VALUES (8,236,7,'Junior');
INSERT INTO `RequiredCourses` VALUES (8,220,7,'Junior');
INSERT INTO `RequiredCourses` VALUES (8,244,7,'Junior');
INSERT INTO `RequiredCourses` VALUES (8,228,7,'Junior');
INSERT INTO `RequiredCourses` VALUES (8,253,7,'Junior');
INSERT INTO `RequiredCourses` VALUES (8,512,10,'Senior');
INSERT INTO `RequiredCourses` VALUES (3,860,1,'Freshman');
INSERT INTO `RequiredCourses` VALUES (3,545,1,'Freshman');
INSERT INTO `RequiredCourses` VALUES (3,536,1,'Freshman');
INSERT INTO `RequiredCourses` VALUES (3,542,1,'Freshman');
INSERT INTO `RequiredCourses` VALUES (3,723,1,'Freshman');
INSERT INTO `RequiredCourses` VALUES (3,868,4,'Sophomore');
INSERT INTO `RequiredCourses` VALUES (3,876,4,'Sophomore');
INSERT INTO `RequiredCourses` VALUES (3,884,4,'Sophomore');
INSERT INTO `RequiredCourses` VALUES (3,1344,4,'Sophomore');
INSERT INTO `RequiredCourses` VALUES (3,859,4,'Sophomore');
INSERT INTO `RequiredCourses` VALUES (3,892,7,'Junior');
INSERT INTO `RequiredCourses` VALUES (3,905,7,'Junior');
INSERT INTO `RequiredCourses` VALUES (3,904,7,'Junior');
INSERT INTO `RequiredCourses` VALUES (3,898,7,'Junior');
INSERT INTO `RequiredCourses` VALUES (3,847,7,'Junior');
INSERT INTO `RequiredCourses` VALUES (3,512,10,'Senior');
INSERT INTO `RequiredCourses` VALUES (4,536,1,'Freshman');
INSERT INTO `RequiredCourses` VALUES (4,542,1,'Freshman');
INSERT INTO `RequiredCourses` VALUES (4,723,1,'Freshman');
INSERT INTO `RequiredCourses` VALUES (4,545,1,'Freshman');
INSERT INTO `RequiredCourses` VALUES (4,911,1,'Freshman');
INSERT INTO `RequiredCourses` VALUES (4,851,4,'Sophomore');
INSERT INTO `RequiredCourses` VALUES (4,1344,4,'Sophomore');
INSERT INTO `RequiredCourses` VALUES (4,917,4,'Sophomore');
INSERT INTO `RequiredCourses` VALUES (4,918,4,'Sophomore');
INSERT INTO `RequiredCourses` VALUES (4,915,4,'Sophomore');
INSERT INTO `RequiredCourses` VALUES (4,856,7,'Junior');
INSERT INTO `RequiredCourses` VALUES (4,924,7,'Junior');
INSERT INTO `RequiredCourses` VALUES (4,922,7,'Junior');
INSERT INTO `RequiredCourses` VALUES (4,920,7,'Junior');
INSERT INTO `RequiredCourses` VALUES (4,512,10,'Senior');
INSERT INTO `RequiredCourses` VALUES (9,1103,1,'Freshman');
INSERT INTO `RequiredCourses` VALUES (9,1352,1,'Freshman');
INSERT INTO `RequiredCourses` VALUES (9,723,1,'Freshman');
INSERT INTO `RequiredCourses` VALUES (9,652,1,'Freshman');
INSERT INTO `RequiredCourses` VALUES (9,688,1,'Freshman');
INSERT INTO `RequiredCourses` VALUES (9,780,1,'Freshman');
INSERT INTO `RequiredCourses` VALUES (9,1199,4,'Sophomore');
INSERT INTO `RequiredCourses` VALUES (9,581,4,'Sophomore');
INSERT INTO `RequiredCourses` VALUES (9,591,4,'Sophomore');
INSERT INTO `RequiredCourses` VALUES (9,853,4,'Sophomore');
INSERT INTO `RequiredCourses` VALUES (9,622,7,'Junior');
INSERT INTO `RequiredCourses` VALUES (9,626,7,'Junior');
INSERT INTO `RequiredCourses` VALUES (9,353,7,'Junior');
INSERT INTO `RequiredCourses` VALUES (9,268,7,'Junior');
INSERT INTO `RequiredCourses` VALUES (9,848,7,'Junior');
INSERT INTO `RequiredCourses` VALUES (9,512,10,'Senior');
INSERT INTO `RequiredCourses` VALUES (10,1081,1,'Freshman');
INSERT INTO `RequiredCourses` VALUES (10,723,1,'Freshman');
INSERT INTO `RequiredCourses` VALUES (10,941,1,'Freshman');
INSERT INTO `RequiredCourses` VALUES (10,302,1,'Freshman');
INSERT INTO `RequiredCourses` VALUES (10,298,4,'Sophomore');
INSERT INTO `RequiredCourses` VALUES (10,952,4,'Sophomore');
INSERT INTO `RequiredCourses` VALUES (10,950,4,'Sophomore');
INSERT INTO `RequiredCourses` VALUES (10,848,4,'Sophomore');
INSERT INTO `RequiredCourses` VALUES (10,386,7,'Junior');
INSERT INTO `RequiredCourses` VALUES (10,346,7,'Junior');
INSERT INTO `RequiredCourses` VALUES (10,1000,7,'Junior');
INSERT INTO `RequiredCourses` VALUES (10,853,7,'Junior');
INSERT INTO `RequiredCourses` VALUES (10,512,10,'Senior');
INSERT INTO `RequiredCourses` VALUES (11,268,1,'Freshman');
INSERT INTO `RequiredCourses` VALUES (11,1187,1,'Freshman');
INSERT INTO `RequiredCourses` VALUES (11,1103,1,'Freshman');
INSERT INTO `RequiredCourses` VALUES (11,723,1,'Freshman');
INSERT INTO `RequiredCourses` VALUES (11,331,4,'Sophomore');
INSERT INTO `RequiredCourses` VALUES (11,342,4,'Sophomore');
INSERT INTO `RequiredCourses` VALUES (11,1217,4,'Sophomore');
INSERT INTO `RequiredCourses` VALUES (11,854,4,'Sophomore');
INSERT INTO `RequiredCourses` VALUES (11,384,7,'Junior');
INSERT INTO `RequiredCourses` VALUES (11,1199,7,'Junior');
INSERT INTO `RequiredCourses` VALUES (11,853,7,'Junior');
INSERT INTO `RequiredCourses` VALUES (11,512,10,'Senior');
INSERT INTO `RequiredCourses` VALUES (12,302,1,'Freshman');
INSERT INTO `RequiredCourses` VALUES (12,268,1,'Freshman');
INSERT INTO `RequiredCourses` VALUES (12,723,1,'Freshman');
INSERT INTO `RequiredCourses` VALUES (12,1091,1,'Freshman');
INSERT INTO `RequiredCourses` VALUES (12,342,4,'Sophomore');
INSERT INTO `RequiredCourses` VALUES (12,346,4,'Sophomore');
INSERT INTO `RequiredCourses` VALUES (12,1084,4,'Sophomore');
INSERT INTO `RequiredCourses` VALUES (12,856,4,'Sophomore');
INSERT INTO `RequiredCourses` VALUES (12,378,7,'Junior');
INSERT INTO `RequiredCourses` VALUES (12,853,7,'Junior');
INSERT INTO `RequiredCourses` VALUES (12,512,10,'Senior');
INSERT INTO `RequiredCourses` VALUES (13,723,1,'Freshman');
INSERT INTO `RequiredCourses` VALUES (13,1103,1,'Freshman');
INSERT INTO `RequiredCourses` VALUES (13,1332,1,'Freshman');
INSERT INTO `RequiredCourses` VALUES (13,652,1,'Freshman');
INSERT INTO `RequiredCourses` VALUES (13,688,1,'Freshman');
INSERT INTO `RequiredCourses` VALUES (13,780,1,'Freshman');
INSERT INTO `RequiredCourses` VALUES (13,1199,4,'Sophomore');
INSERT INTO `RequiredCourses` VALUES (13,847,4,'Sophomore');
INSERT INTO `RequiredCourses` VALUES (13,581,4,'Sophomore');
INSERT INTO `RequiredCourses` VALUES (13,622,4,'Sophomore');
INSERT INTO `RequiredCourses` VALUES (13,845,4,'Sophomore');
INSERT INTO `RequiredCourses` VALUES (13,591,7,'Junior');
INSERT INTO `RequiredCourses` VALUES (13,626,7,'Junior');
INSERT INTO `RequiredCourses` VALUES (13,1217,7,'Junior');
INSERT INTO `RequiredCourses` VALUES (13,1268,7,'Junior');
INSERT INTO `RequiredCourses` VALUES (13,1250,7,'Junior');
INSERT INTO `RequiredCourses` VALUES (13,643,10,'Senior');
INSERT INTO `RequiredCourses` VALUES (13,647,10,'Senior');
INSERT INTO `RequiredCourses` VALUES (13,1317,10,'Senior');
INSERT INTO `RequiredCourses` VALUES (13,1316,10,'Senior');
INSERT INTO `RequiredCourses` VALUES (13,859,10,'Senior');
INSERT INTO `RequiredCourses` VALUES (13,850,13,'Fifth Year');
INSERT INTO `RequiredCourses` VALUES (13,1312,13,'Fifth Year');
INSERT INTO `RequiredCourses` VALUES (13,571,13,'Fifth Year');
INSERT INTO `RequiredCourses` VALUES (13,575,13,'Fifth Year');
INSERT INTO `RequiredCourses` VALUES (14,688,1,'Freshman');
INSERT INTO `RequiredCourses` VALUES (14,652,1,'Freshman');
INSERT INTO `RequiredCourses` VALUES (14,1352,1,'Freshman');
INSERT INTO `RequiredCourses` VALUES (14,1103,1,'Freshman');
INSERT INTO `RequiredCourses` VALUES (14,723,1,'Freshman');
INSERT INTO `RequiredCourses` VALUES (14,847,4,'Sophomore');
INSERT INTO `RequiredCourses` VALUES (14,172,4,'Sophomore');
INSERT INTO `RequiredCourses` VALUES (14,1199,4,'Sophomore');
INSERT INTO `RequiredCourses` VALUES (14,891,4,'Sophomore');
INSERT INTO `RequiredCourses` VALUES (14,851,4,'Sophomore');
INSERT INTO `RequiredCourses` VALUES (14,847,7,'Junior');
INSERT INTO `RequiredCourses` VALUES (14,1312,7,'Junior');
INSERT INTO `RequiredCourses` VALUES (14,647,7,'Junior');
INSERT INTO `RequiredCourses` VALUES (14,626,7,'Junior');
INSERT INTO `RequiredCourses` VALUES (14,637,7,'Junior');
INSERT INTO `RequiredCourses` VALUES (14,512,10,'Senior');
INSERT INTO `RequiredCourses` VALUES (15,1081,1,'Freshman');
INSERT INTO `RequiredCourses` VALUES (15,723,1,'Freshman');
INSERT INTO `RequiredCourses` VALUES (15,404,1,'Freshman');
INSERT INTO `RequiredCourses` VALUES (15,941,1,'Freshman');
INSERT INTO `RequiredCourses` VALUES (15,770,4,'Sophomore');
INSERT INTO `RequiredCourses` VALUES (15,769,4,'Sophomore');
INSERT INTO `RequiredCourses` VALUES (15,946,4,'Sophomore');
INSERT INTO `RequiredCourses` VALUES (15,952,4,'Sophomore');
INSERT INTO `RequiredCourses` VALUES (15,851,7,'Junior');
INSERT INTO `RequiredCourses` VALUES (15,773,7,'Junior');
INSERT INTO `RequiredCourses` VALUES (15,772,7,'Junior');
INSERT INTO `RequiredCourses` VALUES (15,771,7,'Junior');
INSERT INTO `RequiredCourses` VALUES (15,774,7,'Junior');
INSERT INTO `RequiredCourses` VALUES (15,512,10,'Senior');
INSERT INTO `RequiredCourses` VALUES (16,652,1,'Freshman');
INSERT INTO `RequiredCourses` VALUES (16,723,1,'Freshman');
INSERT INTO `RequiredCourses` VALUES (16,1103,1,'Freshman');
INSERT INTO `RequiredCourses` VALUES (16,1352,1,'Freshman');
INSERT INTO `RequiredCourses` VALUES (16,688,1,'Freshman');
INSERT INTO `RequiredCourses` VALUES (16,845,4,'Sophomore');
INSERT INTO `RequiredCourses` VALUES (16,1254,4,'Sophomore');
INSERT INTO `RequiredCourses` VALUES (16,1243,4,'Sophomore');
INSERT INTO `RequiredCourses` VALUES (16,1161,4,'Sophomore');
INSERT INTO `RequiredCourses` VALUES (16,605,4,'Sophomore');
INSERT INTO `RequiredCourses` VALUES (16,1316,7,'Junior');
INSERT INTO `RequiredCourses` VALUES (16,1272,7,'Junior');
INSERT INTO `RequiredCourses` VALUES (16,1287,7,'Junior');
INSERT INTO `RequiredCourses` VALUES (16,1294,7,'Junior');
INSERT INTO `RequiredCourses` VALUES (16,858,7,'Junior');
INSERT INTO `RequiredCourses` VALUES (16,512,10,'Senior');
CREATE TABLE "RMP" (
	`RMPID`	INTEGER,
	`Clarity`	TEXT,
	`AVGgrade`	TEXT,
	`ProfID`	INTEGER,
	`OVRquality`	TEXT,
	`Helpfulness`	TEXT,
	`Easiness`	TEXT,
	PRIMARY KEY(RMPID)
);
INSERT INTO `RMP` VALUES (1,'3.0','A-',1,'3.1','3.3','2.5');
INSERT INTO `RMP` VALUES (2,'1.6','F',2,'1.6','1.5','2.5');
INSERT INTO `RMP` VALUES (3,'2.6','B+',3,'2.8','2.9','2.4');
INSERT INTO `RMP` VALUES (4,'3.1','N/A',4,'3.3','3.5','2.8');
INSERT INTO `RMP` VALUES (5,'3.7','B',5,'4.1','4.4','2.7');
INSERT INTO `RMP` VALUES (6,'3.6','A-',6,'3.5','3.4','3.0');
INSERT INTO `RMP` VALUES (7,'5.0','N/A',7,'5.0','5.0','4.5');
INSERT INTO `RMP` VALUES (8,'4.3','A',8,'4.7','5.0','3.7');
INSERT INTO `RMP` VALUES (9,'5.0','B+',9,'5.0','5.0','3.9');
INSERT INTO `RMP` VALUES (10,'5.0','N/A',10,'4.5','4.0','4.0');
INSERT INTO `RMP` VALUES (11,'4.6','B+',12,'4.5','4.5','3.5');
INSERT INTO `RMP` VALUES (12,'4.3','A-',13,'4.3','4.4','3.3');
INSERT INTO `RMP` VALUES (13,'3.5','N/A',14,'3.6','3.7','3.4');
INSERT INTO `RMP` VALUES (14,'2.8','B',17,'2.5','2.3','2.8');
INSERT INTO `RMP` VALUES (15,'2.6','N/A',18,'2.6','2.6','1.8');
INSERT INTO `RMP` VALUES (16,'4.0','A+',19,'3.7','3.4','3.7');
INSERT INTO `RMP` VALUES (17,'4.3','N/A',20,'4.7','5.0','3.3');
INSERT INTO `RMP` VALUES (18,'2.0','N/A',21,'2.3','2.5','2.4');
INSERT INTO `RMP` VALUES (19,'4.1','N/A',23,'3.7','3.3','3.0');
INSERT INTO `RMP` VALUES (20,'4.6','N/A',24,'4.6','4.7','3.3');
INSERT INTO `RMP` VALUES (21,'2.2','N/A',26,'2.3','2.3','2.5');
INSERT INTO `RMP` VALUES (22,'4.8','C',27,'4.8','4.8','1.8');
INSERT INTO `RMP` VALUES (23,'4.3','N/A',29,'4.4','4.4','3.8');
INSERT INTO `RMP` VALUES (24,'4.1','N/A',30,'4.3','4.5','3.3');
INSERT INTO `RMP` VALUES (25,'3.6','N/A',31,'3.7','3.7','2.8');
INSERT INTO `RMP` VALUES (26,'3.3','N/A',33,'3.3','3.5','2.5');
INSERT INTO `RMP` VALUES (27,'3.7','N/A',34,'3.9','4.0','1.9');
INSERT INTO `RMP` VALUES (29,'3.0','N/A',39,'3.5','4.0','4.0');
INSERT INTO `RMP` VALUES (30,'2.5','A',40,'3.0','3.5','3.3');
INSERT INTO `RMP` VALUES (31,'1.0','C+',41,'2.0','3.0','1.5');
INSERT INTO `RMP` VALUES (32,'3.3','A-',42,'3.1','3.0','3.3');
INSERT INTO `RMP` VALUES (34,'2.8','A+',48,'2.8','2.8','3.8');
INSERT INTO `RMP` VALUES (35,'1.8','A',50,'1.6','1.4','2.3');
INSERT INTO `RMP` VALUES (36,'3.5','B+',52,'3.3','3.0','2.0');
INSERT INTO `RMP` VALUES (37,'4.1','B',54,'4.1','4.1','2.9');
INSERT INTO `RMP` VALUES (38,'3.7','A',55,'4.2','4.7','4.7');
INSERT INTO `RMP` VALUES (39,'4.0','N/A',59,'4.0','4.0','5.0');
INSERT INTO `RMP` VALUES (40,'3.3','A',60,'3.3','3.2','2.8');
INSERT INTO `RMP` VALUES (41,'1.9','A-',62,'1.9','2.0','3.2');
INSERT INTO `RMP` VALUES (42,'3.6','A+',63,'3.5','3.4','3.6');
INSERT INTO `RMP` VALUES (43,'4.3','B+',64,'4.3','4.4','2.2');
INSERT INTO `RMP` VALUES (44,'3.7','A',65,'3.9','4.1','3.5');
INSERT INTO `RMP` VALUES (45,'3.3','A',66,'3.8','4.2','3.8');
INSERT INTO `RMP` VALUES (46,'3.9','A',67,'3.9','3.8','3.3');
INSERT INTO `RMP` VALUES (47,'2.1','B+',69,'2.4','2.6','3.7');
INSERT INTO `RMP` VALUES (48,'3.3','C+',70,'3.5','3.6','3.0');
INSERT INTO `RMP` VALUES (49,'2.9','A+',71,'2.9','2.9','2.0');
INSERT INTO `RMP` VALUES (50,'4.9','A',73,'4.9','4.9','3.7');
INSERT INTO `RMP` VALUES (51,'3.9','A-',74,'4.2','4.5','3.9');
INSERT INTO `RMP` VALUES (52,'4.7','A+',75,'4.8','5.0','4.7');
INSERT INTO `RMP` VALUES (53,'3.0','A',76,'3.5','4.0','3.2');
INSERT INTO `RMP` VALUES (54,'2.8','B',77,'3.4','4.0','2.8');
INSERT INTO `RMP` VALUES (55,'4.6','A',78,'4.7','4.8','4.1');
INSERT INTO `RMP` VALUES (56,'2.5','B+',79,'2.4','2.4','3.5');
INSERT INTO `RMP` VALUES (57,'4.0','N/A',80,'4.5','5.0','3.0');
INSERT INTO `RMP` VALUES (58,'1.9','A-',81,'2.0','2.2','1.8');
INSERT INTO `RMP` VALUES (59,'3.4','N/A',82,'3.0','2.6','2.0');
INSERT INTO `RMP` VALUES (60,'4.0','N/A',83,'4.5','5.0','5.0');
INSERT INTO `RMP` VALUES (61,'4.0','A-',84,'4.3','4.5','3.5');
INSERT INTO `RMP` VALUES (62,'4.3','B+',85,'4.7','5.0','3.3');
INSERT INTO `RMP` VALUES (63,'4.4','B+',87,'4.4','4.4','3.1');
INSERT INTO `RMP` VALUES (64,'2.5','B',88,'2.4','2.3','4.5');
INSERT INTO `RMP` VALUES (65,'3.4','N/A',91,'3.5','3.7','2.2');
INSERT INTO `RMP` VALUES (66,'3.3','B',93,'3.4','3.5','2.9');
INSERT INTO `RMP` VALUES (67,'4.7','A+',94,'4.6','4.5','2.7');
INSERT INTO `RMP` VALUES (68,'4.4','N/A',96,'4.3','4.2','3.6');
INSERT INTO `RMP` VALUES (69,'3.2','N/A',97,'3.9','4.5','3.8');
INSERT INTO `RMP` VALUES (70,'3.0','A',98,'3.5','4.0','3.0');
INSERT INTO `RMP` VALUES (71,'4.4','A-',99,'4.4','4.4','3.8');
INSERT INTO `RMP` VALUES (72,'4.1','A',100,'4.0','4.0','3.6');
INSERT INTO `RMP` VALUES (73,'4.7','A+',101,'4.8','5.0','4.3');
INSERT INTO `RMP` VALUES (74,'2.5','B-',102,'2.8','3.1','1.6');
INSERT INTO `RMP` VALUES (75,'4.3','B+',104,'4.2','4.1','3.3');
INSERT INTO `RMP` VALUES (76,'5.0','N/A',105,'4.5','4.0','4.0');
INSERT INTO `RMP` VALUES (77,'4.1','B+',106,'3.9','3.8','2.7');
INSERT INTO `RMP` VALUES (78,'3.8','N/A',107,'3.7','3.5','4.1');
INSERT INTO `RMP` VALUES (79,'4.4','A',108,'4.4','4.4','3.5');
INSERT INTO `RMP` VALUES (80,'4.0','N/A',110,'3.9','3.7','3.0');
INSERT INTO `RMP` VALUES (81,'4.9','A-',111,'4.9','4.9','4.5');
INSERT INTO `RMP` VALUES (82,'4.7','A-',112,'4.7','4.7','3.0');
INSERT INTO `RMP` VALUES (83,'4.7','C+',113,'4.7','4.6','3.5');
INSERT INTO `RMP` VALUES (84,'3.0','B',114,'2.8','2.5','2.0');
INSERT INTO `RMP` VALUES (85,'4.6','A',115,'4.6','4.5','4.1');
INSERT INTO `RMP` VALUES (86,'4.4','B+',116,'4.4','4.4','3.0');
INSERT INTO `RMP` VALUES (87,'3.1','N/A',117,'3.3','3.4','3.1');
INSERT INTO `RMP` VALUES (88,'5.0','N/A',118,'5.0','5.0','2.0');
INSERT INTO `RMP` VALUES (89,'4.7','A-',119,'4.6','4.6','3.9');
INSERT INTO `RMP` VALUES (90,'5.0','N/A',121,'4.0','3.0','4.0');
INSERT INTO `RMP` VALUES (91,'3.0','A',123,'3.0','3.0','3.3');
INSERT INTO `RMP` VALUES (92,'5.0','B-',124,'5.0','5.0','3.0');
INSERT INTO `RMP` VALUES (93,'4.3','N/A',125,'4.3','4.4','3.1');
INSERT INTO `RMP` VALUES (94,'3.4','N/A',126,'3.5','3.6','1.9');
INSERT INTO `RMP` VALUES (95,'2.8','B+',127,'2.9','3.0','2.1');
INSERT INTO `RMP` VALUES (96,'4.6','B-',129,'4.8','5.0','2.8');
INSERT INTO `RMP` VALUES (97,'4.0','N/A',130,'4.0','4.0','2.0');
INSERT INTO `RMP` VALUES (98,'3.2','N/A',132,'3.3','3.4','2.0');
INSERT INTO `RMP` VALUES (99,'3.9','N/A',133,'3.8','3.7','3.0');
INSERT INTO `RMP` VALUES (100,'4.2','N/A',136,'4.3','4.4','1.8');
INSERT INTO `RMP` VALUES (101,'2.3','B+',137,'2.3','2.4','4.1');
INSERT INTO `RMP` VALUES (102,'4.5','B',138,'4.6','4.6','3.6');
INSERT INTO `RMP` VALUES (103,'3.0','A',140,'3.0','3.0','2.0');
INSERT INTO `RMP` VALUES (104,'3.7','C-',147,'3.6','3.6','2.2');
INSERT INTO `RMP` VALUES (105,'4.8','A-',149,'4.6','4.3','3.1');
INSERT INTO `RMP` VALUES (106,'4.4','A+',151,'4.3','4.2','3.4');
INSERT INTO `RMP` VALUES (107,'4.0','N/A',153,'3.8','3.7','4.0');
INSERT INTO `RMP` VALUES (108,'3.7','N/A',154,'3.9','4.0','2.1');
INSERT INTO `RMP` VALUES (109,'1.8','C',156,'2.2','2.5','2.1');
INSERT INTO `RMP` VALUES (110,'2.8','B',157,'2.8','2.7','2.0');
INSERT INTO `RMP` VALUES (112,'5.0','B+',160,'5.0','5.0','3.0');
INSERT INTO `RMP` VALUES (113,'4.6','B+',162,'4.7','4.8','2.4');
INSERT INTO `RMP` VALUES (114,'2.2','B+',164,'2.2','2.2','2.9');
INSERT INTO `RMP` VALUES (115,'4.8','B+',165,'4.8','4.8','3.5');
INSERT INTO `RMP` VALUES (116,'2.5','D+',166,'2.5','2.5','2.3');
INSERT INTO `RMP` VALUES (117,'4.5','A',167,'4.6','4.7','3.2');
INSERT INTO `RMP` VALUES (118,'2.2','D-',168,'2.2','2.2','2.0');
INSERT INTO `RMP` VALUES (119,'2.7','A',169,'2.5','2.4','3.1');
INSERT INTO `RMP` VALUES (120,'4.2','A',171,'4.3','4.3','2.8');
INSERT INTO `RMP` VALUES (121,'3.0','B-',172,'3.5','4.0','2.0');
INSERT INTO `RMP` VALUES (122,'3.7','A',173,'3.9','4.0','2.5');
CREATE TABLE "Professors" (
	`ProfID`	INTEGER,
	`Fname`	TEXT,
	`Lname`	TEXT,
	`Email`	TEXT,
	PRIMARY KEY(ProfID)
);
INSERT INTO `Professors` VALUES (1,'Ananta ','Adhikari ','adhikaria@wit.edu ');
INSERT INTO `Professors` VALUES (2,'Robert ','Cournoyer ','cournoyerr@wit.edu ');
INSERT INTO `Professors` VALUES (3,'John ','Haga ','hagaj@wit.edu ');
INSERT INTO `Professors` VALUES (4,'Amanda ','Hattaway ','hattawaya@wit.edu ');
INSERT INTO `Professors` VALUES (5,'Melvin ','Henriksen ','henriksenm@wit.edu ');
INSERT INTO `Professors` VALUES (6,'Dwight ','Horan ','horand@wit.edu ');
INSERT INTO `Professors` VALUES (7,'Barry ','Husowitz ','husowitzb@wit.edu ');
INSERT INTO `Professors` VALUES (8,'Rachel ','Maitra ','maitrar@wit.edu ');
INSERT INTO `Professors` VALUES (9,'Mark ','Mixer ','mixerm@wit.edu ');
INSERT INTO `Professors` VALUES (10,'Steven ','Morrow ','morrows@wit.edu ');
INSERT INTO `Professors` VALUES (11,'Youssef ','Qranfal ','qranfaly@wit.edu ');
INSERT INTO `Professors` VALUES (12,'Reinaldo ','Sanchez Arias ','sanchezariasr@wit.edu ');
INSERT INTO `Professors` VALUES (13,'Gary ','Simundza ','simundzag@wit.edu ');
INSERT INTO `Professors` VALUES (14,'Emma ','Smith Zbarsky ','smithzbarskye@wit.edu ');
INSERT INTO `Professors` VALUES (15,'Mami ','Wentworth ','wentworthm1@wit.edu ');
INSERT INTO `Professors` VALUES (16,'Rolf ','Backmann ','backmannr@wit.edu ');
INSERT INTO `Professors` VALUES (17,'Ann ','Borst ','borsta@wit.edu ');
INSERT INTO `Professors` VALUES (18,'Carol ','Burns ','burnsc1@wit.edu ');
INSERT INTO `Professors` VALUES (19,'Charles ','Cimino ','ciminoc@wit.edu ');
INSERT INTO `Professors` VALUES (20,'Robert ','Cowherd ','cowherdr@wit.edu ');
INSERT INTO `Professors` VALUES (21,'Manuel ','Delgado ','delgadom@wit.edu ');
INSERT INTO `Professors` VALUES (22,'Meliti ','Dikeos ','dikeosm@wit.edu ');
INSERT INTO `Professors` VALUES (23,'John ','Ellis ','ellisj@wit.edu ');
INSERT INTO `Professors` VALUES (24,'Garrick ','Goldenberg ','goldenbergg@wit.edu ');
INSERT INTO `Professors` VALUES (25,'Kelly ','Hutzell ','hutzellk@wit.edu ');
INSERT INTO `Professors` VALUES (26,'Lora ','Kim ','kiml1@wit.edu ');
INSERT INTO `Professors` VALUES (27,'Mark ','Klopfer ','klopferm@wit.edu ');
INSERT INTO `Professors` VALUES (28,'Jennifer ','Lee Michaliszyn ','leej12@wit.edu ');
INSERT INTO `Professors` VALUES (29,'Thomas ','Lesko ','leskot@wit.edu ');
INSERT INTO `Professors` VALUES (30,'Michael ','Macphail ','macphailm@wit.edu ');
INSERT INTO `Professors` VALUES (31,'Mark ','Pasnik ','pasnikm@wit.edu ');
INSERT INTO `Professors` VALUES (32,'Troy ','Peters ','peterst2@wit.edu ');
INSERT INTO `Professors` VALUES (33,'Ann ','Pitt ','pitta@wit.edu ');
INSERT INTO `Professors` VALUES (34,'Weldon ','Pries ','priesw@wit.edu ');
INSERT INTO `Professors` VALUES (35,'Anne-Catrin ','Schultz ','schultza@wit.edu ');
INSERT INTO `Professors` VALUES (36,'Ingrid ','Strong ','strongi@wit.edu ');
INSERT INTO `Professors` VALUES (37,'Robert ','Trumbour ','trumbourr@wit.edu ');
INSERT INTO `Professors` VALUES (38,'Ali ','Kiapour ','kiapoura@wit.edu ');
INSERT INTO `Professors` VALUES (39,'Shankar ','Krishnan ','krishnans@wit.edu ');
INSERT INTO `Professors` VALUES (40,'Weihui ','Li ','liw1@wit.edu ');
INSERT INTO `Professors` VALUES (41,'Joseph ','Martel-Foley ','martelj@wit.edu ');
INSERT INTO `Professors` VALUES (42,'Sally ','Shady ','shadys@wit.edu ');
INSERT INTO `Professors` VALUES (43,'Richard ','Christiano ','christianor@wit.edu ');
INSERT INTO `Professors` VALUES (44,'Hollis ','Davis ','davish2@wit.edu ');
INSERT INTO `Professors` VALUES (45,'Leonard ','Delosh ','deloshl@wit.edu ');
INSERT INTO `Professors` VALUES (46,'Michael ','Hogan ','hoganm3@wit.edu ');
INSERT INTO `Professors` VALUES (47,'Hossein ','Noorian ','noorianh@wit.edu ');
INSERT INTO `Professors` VALUES (48,'Cindy ','Stevens ','stevensc@wit.edu ');
INSERT INTO `Professors` VALUES (49,'Frederick (Rick) ','Trilling ','trillingf@wit.edu ');
INSERT INTO `Professors` VALUES (50,'Leonard ','Anderson ','andersonl@wit.edu ');
INSERT INTO `Professors` VALUES (51,'Paola ','Bytyqi ','bytyqip@wit.edu ');
INSERT INTO `Professors` VALUES (52,'Abigail ','Charest ','charesta@wit.edu ');
INSERT INTO `Professors` VALUES (53,'Phillip ','Curtsmith ','curtsmithp@wit.edu ');
INSERT INTO `Professors` VALUES (54,'Gautham ','Das ','dasg@wit.edu ');
INSERT INTO `Professors` VALUES (55,'Michael ','Davidson ','davidsonm2@wit.edu ');
INSERT INTO `Professors` VALUES (56,'John (Jack) ','Duggan ','dugganj@wit.edu ');
INSERT INTO `Professors` VALUES (57,'Francis (Jerry) ','Hopcroft ','hopcroftf@wit.edu ');
INSERT INTO `Professors` VALUES (58,'James (Jim) ','Lambrechts ','lambrechtsj@wit.edu ');
INSERT INTO `Professors` VALUES (59,'Henderson ','Pritchard ','pritchardh@wit.edu ');
INSERT INTO `Professors` VALUES (60,'Vitaliy ','Saykin ','saykinv@wit.edu ');
INSERT INTO `Professors` VALUES (61,'David ','Albanese ','albanesed1@wit.edu ');
INSERT INTO `Professors` VALUES (62,'Karina ','Assiter ','assiterk@wit.edu ');
INSERT INTO `Professors` VALUES (63,'Leonidas ','Deligiannidis ','deligiannidisl@wit.edu ');
INSERT INTO `Professors` VALUES (64,'Nathaniel ','Derbinsky ','derbinskyn@wit.edu ');
INSERT INTO `Professors` VALUES (65,'Magdy ','Ellabidy ','ellabidym@wit.edu ');
INSERT INTO `Professors` VALUES (66,'Joseph ','Lawrance ','lawrancej@wit.edu ');
INSERT INTO `Professors` VALUES (67,'Lisa ','MacLean ','macleanl@wit.edu ');
INSERT INTO `Professors` VALUES (68,'Michael ','Oudshoorn ','oudshoornm@wit.edu ');
INSERT INTO `Professors` VALUES (69,'David ','Rilett ','rilettd@wit.edu ');
INSERT INTO `Professors` VALUES (70,'John ','Russo ','russoj@wit.edu ');
INSERT INTO `Professors` VALUES (71,'Durga ','Suresh ','sureshd@wit.edu ');
INSERT INTO `Professors` VALUES (72,'Jeffrey ','Williams ','williamsj3@wit.edu ');
INSERT INTO `Professors` VALUES (73,'Charles ','Wiseman ','wisemanc@wit.edu ');
INSERT INTO `Professors` VALUES (74,'Hong-Sheng ','Wu ','wuh@wit.edu ');
INSERT INTO `Professors` VALUES (75,'Chen-Hsiang (Jones) ','Yu ','yuj6@wit.edu ');
INSERT INTO `Professors` VALUES (76,'Mira ','Yun ','yunm@wit.edu ');
INSERT INTO `Professors` VALUES (77,'Payam ','Bakhshi ','bakhship@wit.edu ');
INSERT INTO `Professors` VALUES (78,'Ilyas ','Bhatti ','bhattii@wit.edu ');
INSERT INTO `Professors` VALUES (79,'Cristina ','Cosma ','cosmac@wit.edu ');
INSERT INTO `Professors` VALUES (80,'Michael (Mike) ','D''Agostino ','dagostinom1@wit.edu ');
INSERT INTO `Professors` VALUES (81,'Mark ','Hasso ','hassom@wit.edu ');
INSERT INTO `Professors` VALUES (82,'Todd ','Johnson ','johnsont3@wit.edu ');
INSERT INTO `Professors` VALUES (83,'William ','Kearney ','kearneyw@wit.edu ');
INSERT INTO `Professors` VALUES (84,'Erik ','Simon ','simone@wit.edu ');
INSERT INTO `Professors` VALUES (85,'Monica ','Snow ','snowm1@wit.edu ');
INSERT INTO `Professors` VALUES (86,'Edward (Scott) ','Sumner ','sumnere@wit.edu ');
INSERT INTO `Professors` VALUES (87,'Thomas ','Taddeo ','taddeot@wit.edu ');
INSERT INTO `Professors` VALUES (88,'David ','Birkett ','birkettd@wit.edu ');
INSERT INTO `Professors` VALUES (89,'Aaron ','Carpenter ','carpentera1@wit.edu ');
INSERT INTO `Professors` VALUES (90,'Doreen ','Cialdea ','cialdead@wit.edu ');
INSERT INTO `Professors` VALUES (91,'Siben ','Dasgupta ','dasguptas@wit.edu ');
INSERT INTO `Professors` VALUES (92,'Joseph ','Diecidue ','dieciduej@wit.edu ');
INSERT INTO `Professors` VALUES (93,'Douglas ','Dow ','dowd@wit.edu ');
INSERT INTO `Professors` VALUES (94,'Scott ','Grenquist ','grenquists@wit.edu ');
INSERT INTO `Professors` VALUES (95,'Christine ','Kane ','kanec@wit.edu ');
INSERT INTO `Professors` VALUES (96,'Ali ','Khabari ','khabaria@wit.edu ');
INSERT INTO `Professors` VALUES (97,'Lili ','Ma ','mal@wit.edu ');
INSERT INTO `Professors` VALUES (98,'Rabeeh ','Majidi ','majidir@wit.edu ');
INSERT INTO `Professors` VALUES (99,'James ','McCusker ','mccuskerj@wit.edu ');
INSERT INTO `Professors` VALUES (100,'Joseph ','Santacroce ','santacrocej@wit.edu ');
INSERT INTO `Professors` VALUES (101,'Jiahui ','Song ','songj@wit.edu ');
INSERT INTO `Professors` VALUES (102,'Yugu ','Yang-Keathley ','yangkeathleyy@wit.edu ');
INSERT INTO `Professors` VALUES (103,'Yi ','Zou ','zouy@wit.edu ');
INSERT INTO `Professors` VALUES (104,'Lois ','Ascher ','ascherl@wit.edu ');
INSERT INTO `Professors` VALUES (105,'Ronald ','Bernier ','bernierr1@wit.edu ');
INSERT INTO `Professors` VALUES (106,'Beth Anne ','Cooke-Cornell ','cookeb@wit.edu ');
INSERT INTO `Professors` VALUES (107,'Leon ','Cort ','cortl@wit.edu ');
INSERT INTO `Professors` VALUES (108,'David ','Downey ','downeyd@wit.edu ');
INSERT INTO `Professors` VALUES (109,'Lisa ','Falvey ','falveyl@wit.edu ');
INSERT INTO `Professors` VALUES (110,'Christopher ','Gleason ','gleasonc@wit.edu ');
INSERT INTO `Professors` VALUES (111,'Jody ','Gordon ','gordonj7@wit.edu ');
INSERT INTO `Professors` VALUES (112,'Mark John ','Isola ','isolam@wit.edu ');
INSERT INTO `Professors` VALUES (113,'George ','Katsiaficas ','katsiaficasg@wit.edu ');
INSERT INTO `Professors` VALUES (114,'Allison ','Lange ','langea@wit.edu ');
INSERT INTO `Professors` VALUES (115,'Paul ','Lazarovich ','lazarovichp@wit.edu ');
INSERT INTO `Professors` VALUES (116,'Faith ','Litchock-Morellato ','litchockmorellatof@wit.edu ');
INSERT INTO `Professors` VALUES (117,'Gloria ','Monaghan ','monaghang@wit.edu ');
INSERT INTO `Professors` VALUES (118,'Nicholas ','Park ','parkn@wit.edu ');
INSERT INTO `Professors` VALUES (119,'Jonathan ','Ripley ','ripleyj@wit.edu ');
INSERT INTO `Professors` VALUES (120,'Edward (Ted) ','Rooney ','rooneye@wit.edu ');
INSERT INTO `Professors` VALUES (121,'Kristen ','Rosero ','roserok@wit.edu ');
INSERT INTO `Professors` VALUES (122,'Elaine ','Slater ','slatere@wit.edu ');
INSERT INTO `Professors` VALUES (123,'Marilyn ','Stern ','sternm@wit.edu ');
INSERT INTO `Professors` VALUES (124,'Phyllis ','Wentworth ','wentworthp@wit.edu ');
INSERT INTO `Professors` VALUES (125,'Jeffrey ','Michael ','michaelj1@wit.edu ');
INSERT INTO `Professors` VALUES (126,'Sam ','Montague ','montagues@wit.edu ');
INSERT INTO `Professors` VALUES (127,'Nick (Nick) ','Ortolino ','ortolinon@wit.edu ');
INSERT INTO `Professors` VALUES (128,'Jacobus (Jac) ','Van Loon ','vanloonj@wit.edu ');
INSERT INTO `Professors` VALUES (129,'Simon ','Williamson ','williamsons@wit.edu ');
INSERT INTO `Professors` VALUES (130,'Nakisa ','Alborz ','alborzn@wit.edu ');
INSERT INTO `Professors` VALUES (131,'Julian ','Sosnik ','sosnikj@wit.edu ');
INSERT INTO `Professors` VALUES (132,'Peter ','Greenberg ','greenbergp@wit.edu ');
INSERT INTO `Professors` VALUES (133,'Robert ','Meszaros ','meszarosr@wit.edu ');
INSERT INTO `Professors` VALUES (134,'Lynette ','Panarelli ','panarellil@wit.edu ');
INSERT INTO `Professors` VALUES (135,'Jennifer ','Sarabia ','sarabiaj@wit.edu ');
INSERT INTO `Professors` VALUES (136,'Sean ','Stewart ','stewarts1@wit.edu ');
INSERT INTO `Professors` VALUES (137,'Frank ','Caserta ','casertaf@wit.edu ');
INSERT INTO `Professors` VALUES (138,'Anthony ','Duva ','duvaa@wit.edu ');
INSERT INTO `Professors` VALUES (139,'Judith ','Duvivier ','duvivierj@wit.edu ');
INSERT INTO `Professors` VALUES (140,'Haifa ','El-Sadi ','elsadih@wit.edu ');
INSERT INTO `Professors` VALUES (141,'Douglas ','Fuda ','fudad@wit.edu ');
INSERT INTO `Professors` VALUES (142,'Theodore ','Greene ','greenet@wit.edu ');
INSERT INTO `Professors` VALUES (143,'Michael ','Jackson ','jacksonm@wit.edu ');
INSERT INTO `Professors` VALUES (144,'Xiaobin ','Le ','lex@wit.edu ');
INSERT INTO `Professors` VALUES (145,'Robert ','Lesslie ','lesslier@wit.edu ');
INSERT INTO `Professors` VALUES (146,'Guohua (Gloria) ','Ma ','mag@wit.edu ');
INSERT INTO `Professors` VALUES (147,'Ali ','Moazed ','moazeda@wit.edu ');
INSERT INTO `Professors` VALUES (148,'James ','O''Hare ','oharej1@wit.edu ');
INSERT INTO `Professors` VALUES (149,'Masoud ','Olia ','oliam@wit.edu ');
INSERT INTO `Professors` VALUES (150,'Richard ','Roberts ','robertsr@wit.edu ');
INSERT INTO `Professors` VALUES (151,'Peter ','Rourke ','rourkep@wit.edu ');
INSERT INTO `Professors` VALUES (152,'Douglas ','Sondak ','sondakd@wit.edu ');
INSERT INTO `Professors` VALUES (153,'Ilie ','Talpasanu ','talpasanui@wit.edu ');
INSERT INTO `Professors` VALUES (154,'Bo ','Tao ','taob@wit.edu ');
INSERT INTO `Professors` VALUES (155,'John ','Voccio ','voccioj@wit.edu ');
INSERT INTO `Professors` VALUES (156,'Mansour ','Zenouzi ','zenouzim@wit.edu ');
INSERT INTO `Professors` VALUES (157,'Sara ','Alibeik ','alibeiks@wit.edu ');
INSERT INTO `Professors` VALUES (158,'James ','Eakins ','eakinsj@wit.edu ');
INSERT INTO `Professors` VALUES (159,'Kimberly ','Foster ','fosterk3@wit.edu ');
INSERT INTO `Professors` VALUES (160,'Douglas ','Goodman ','goodmand@wit.edu ');
INSERT INTO `Professors` VALUES (161,'Maureen ','Greenwood ','greenwoodm2@wit.edu ');
INSERT INTO `Professors` VALUES (162,'Laurie ','Grove ','grovel@wit.edu ');
INSERT INTO `Professors` VALUES (163,'Katherine ','Kerr ','kerrk2@wit.edu ');
INSERT INTO `Professors` VALUES (164,'Robert ','Moran ','moranr@wit.edu ');
INSERT INTO `Professors` VALUES (165,'James ','O''Brien ','obrienj10@wit.edu ');
INSERT INTO `Professors` VALUES (166,'Naomi ','Ridge ','ridgen@wit.edu ');
INSERT INTO `Professors` VALUES (167,'Ryan ','Rogers ','rogersr2@wit.edu ');
INSERT INTO `Professors` VALUES (168,'Franz ','Rueckert ','rueckertf@wit.edu ');
INSERT INTO `Professors` VALUES (169,'Richard ','Shurtleff ','shurtleffr@wit.edu ');
INSERT INTO `Professors` VALUES (170,'Neeharika ','Sinha ','sinhan@wit.edu ');
INSERT INTO `Professors` VALUES (171,'Gergely ','Sirokman ','sirokmang@wit.edu ');
INSERT INTO `Professors` VALUES (172,'Nadine ','Stecher ','stechern@wit.edu ');
INSERT INTO `Professors` VALUES (173,'Omair ','Zubairi ','zubairio@wit.edu ');
CREATE TABLE `Major` (
	`MajorID`	INTEGER,
	`Name`	TEXT,
	`DepartmentID`	INTEGER,
	PRIMARY KEY(MajorID)
);
INSERT INTO `Major` VALUES (1,'Architecture',1);
INSERT INTO `Major` VALUES (2,'Construction Management',1);
INSERT INTO `Major` VALUES (3,'Industrial Design',1);
INSERT INTO `Major` VALUES (4,'Interior Design',1);
INSERT INTO `Major` VALUES (5,'Business Management',2);
INSERT INTO `Major` VALUES (6,'Applied Mathematics',2);
INSERT INTO `Major` VALUES (7,'Biomedical Engineering',3);
INSERT INTO `Major` VALUES (8,'Civil Engineering',3);
INSERT INTO `Major` VALUES (9,'Computer Engineering',3);
INSERT INTO `Major` VALUES (10,'Computer Information Systems',3);
INSERT INTO `Major` VALUES (11,'Computer Science',3);
INSERT INTO `Major` VALUES (12,'Computer Networking',3);
INSERT INTO `Major` VALUES (13,'Electromechanical Engineering',3);
INSERT INTO `Major` VALUES (14,'Electrical Engineering',3);
INSERT INTO `Major` VALUES (15,'Facility Planning and Management',2);
INSERT INTO `Major` VALUES (16,'Mechanical Engineering',3);
CREATE TABLE `Department` (
	`DepartmentID`	INTEGER,
	`Name`	TEXT,
	PRIMARY KEY(DepartmentID)
);
CREATE TABLE "ClassGroup" (
	`ClassID`	INTEGER,
	`SubjectID`	INTEGER,
	`Name`	TEXT,
	PRIMARY KEY(ClassID)
);
INSERT INTO `ClassGroup` VALUES (0,1,'STUDIO 01');
INSERT INTO `ClassGroup` VALUES (20,1,'STUDIO 03');
INSERT INTO `ClassGroup` VALUES (27,1,'HISTORY/THEORY 01');
INSERT INTO `ClassGroup` VALUES (35,1,'TECHNOLOGY 01');
INSERT INTO `ClassGroup` VALUES (37,1,'IDP REGISTRATION');
INSERT INTO `ClassGroup` VALUES (38,1,'INDEPENDENT STUDY ARCHITECTURE');
INSERT INTO `ClassGroup` VALUES (40,1,'STUDIO 05 (EMERGING TECH)');
INSERT INTO `ClassGroup` VALUES (43,1,'STUDIO 05 (ADAPT INTRVENTIONS)');
INSERT INTO `ClassGroup` VALUES (46,1,'TECHNOLOGY 03');
INSERT INTO `ClassGroup` VALUES (48,1,'STRUCTURES I');
INSERT INTO `ClassGroup` VALUES (51,1,'CONCENTRATION STUDIES');
INSERT INTO `ClassGroup` VALUES (57,1,'SPECIAL TOPICS ARCHITECTURE');
INSERT INTO `ClassGroup` VALUES (68,1,'STUDIO 07 (URBANISM)');
INSERT INTO `ClassGroup` VALUES (71,1,'STUDIO 07 (EMERGING TECH)');
INSERT INTO `ClassGroup` VALUES (74,1,'STUDIO 07 (ADAPT INTRVENTIONS)');
INSERT INTO `ClassGroup` VALUES (78,1,'GRADUATE FOUNDATION STUDIO I');
INSERT INTO `ClassGroup` VALUES (86,1,'THESIS PREP 1');
INSERT INTO `ClassGroup` VALUES (92,1,'THESIS PREP II');
INSERT INTO `ClassGroup` VALUES (98,2,'CELL & MOLECULAR BIOLOGY');
INSERT INTO `ClassGroup` VALUES (113,2,'ANATOMY & PHYSIOLOGY I');
INSERT INTO `ClassGroup` VALUES (125,2,'GENES TO GENOMICS');
INSERT INTO `ClassGroup` VALUES (127,3,'INDEPENDENT STUDY BIOMEDICAL');
INSERT INTO `ClassGroup` VALUES (130,3,'MEDICAL DEVICES AND SYSTEMS');
INSERT INTO `ClassGroup` VALUES (134,3,'BIOMEDICAL SYSTEMS ENGINEERING');
INSERT INTO `ClassGroup` VALUES (136,3,'BIOMED ETHICS & REG AFFAIRS');
INSERT INTO `ClassGroup` VALUES (137,3,'MED INFORMATICS & TELEMEDICINE');
INSERT INTO `ClassGroup` VALUES (139,3,'MEDICAL IMAGIN & OPTICS');
INSERT INTO `ClassGroup` VALUES (143,4,'CONSTRUCTION GRAPHICS');
INSERT INTO `ClassGroup` VALUES (144,4,'CONSTRUCTION METHODS');
INSERT INTO `ClassGroup` VALUES (145,4,'BASIC BUILDING SERVICES');
INSERT INTO `ClassGroup` VALUES (146,4,'STRUCTURAL DESIGN I');
INSERT INTO `ClassGroup` VALUES (147,4,'CONSTRUCT PROJ COST ANALYSIS');
INSERT INTO `ClassGroup` VALUES (148,4,'CONSTRUCTION MGMT THEORY');
INSERT INTO `ClassGroup` VALUES (150,4,'FINANCING CONSTRUCTION PROJECT');
INSERT INTO `ClassGroup` VALUES (151,4,'SENIOR PROJECT BLDG CONST MGMT');
INSERT INTO `ClassGroup` VALUES (152,5,'APPLIED STATISTICS');
INSERT INTO `ClassGroup` VALUES (153,5,'PREDICTIVE MODELING');
INSERT INTO `ClassGroup` VALUES (154,6,'CHEMISTRY OF THE BUILD ENVIRON');
INSERT INTO `ClassGroup` VALUES (172,6,'ENGINEERING CHEMISTRY I');
INSERT INTO `ClassGroup` VALUES (196,6,'BASICS OF ORGANIC/BIOCHEMISTRY');
INSERT INTO `ClassGroup` VALUES (208,7,'STATICS & MECH MATERIALS I');
INSERT INTO `ClassGroup` VALUES (211,7,'INTRODUCTION TO GEOMATICS');
INSERT INTO `ClassGroup` VALUES (220,7,'FLUID MECHANICS');
INSERT INTO `ClassGroup` VALUES (228,7,'ENVIRONMENTAL ENGINEERING');
INSERT INTO `ClassGroup` VALUES (236,7,'STRUCTURAL ANALYSIS');
INSERT INTO `ClassGroup` VALUES (244,7,'SOIL MECHANICS');
INSERT INTO `ClassGroup` VALUES (252,7,'PROJ MGT PRINCPLS & PRACTICES');
INSERT INTO `ClassGroup` VALUES (253,7,'ENVIRONMENTAL SYSTEMS');
INSERT INTO `ClassGroup` VALUES (254,8,'PROFESSIONAL COMMUNICATION');
INSERT INTO `ClassGroup` VALUES (263,8,'SPECIAL TOPICS COMMUNICATIONS');
INSERT INTO `ClassGroup` VALUES (265,8,'SOCIAL PERSPECTIVES JOURNALISM');
INSERT INTO `ClassGroup` VALUES (266,8,'PUBLIC RELATIONS WRITING');
INSERT INTO `ClassGroup` VALUES (268,9,'COMPUTER SCIENCE I');
INSERT INTO `ClassGroup` VALUES (298,9,'COMPUTER SCIENCE II');
INSERT INTO `ClassGroup` VALUES (302,9,'INTRODUCTION TO NETWORKS');
INSERT INTO `ClassGroup` VALUES (318,9,'COMPUTER ORGANIZATION');
INSERT INTO `ClassGroup` VALUES (331,9,'DATA STRUCTURES');
INSERT INTO `ClassGroup` VALUES (342,9,'NETWORK PROGRAMMING');
INSERT INTO `ClassGroup` VALUES (346,9,'SECURITY PRINCIPLES');
INSERT INTO `ClassGroup` VALUES (353,9,'DATABASE MGMT SYSTEMS');
INSERT INTO `ClassGroup` VALUES (355,9,'ASSEMBLY LANGUAGE');
INSERT INTO `ClassGroup` VALUES (363,9,'INTRO TO PROGRAMMING LANGUAGES');
INSERT INTO `ClassGroup` VALUES (372,9,'NETWORK ADMINISTRATION');
INSERT INTO `ClassGroup` VALUES (378,9,'802.11 WIRELESS NETWORKS');
INSERT INTO `ClassGroup` VALUES (380,9,'SECURE IT MANAGEMENT');
INSERT INTO `ClassGroup` VALUES (384,9,'WWW APP DEVELOPMENT');
INSERT INTO `ClassGroup` VALUES (386,9,'INFO SYSTEMS PROJECT MGMT');
INSERT INTO `ClassGroup` VALUES (390,10,'30 HOUR OSHA TRAINING');
INSERT INTO `ClassGroup` VALUES (391,10,'PLAN READING');
INSERT INTO `ClassGroup` VALUES (392,10,'ESTIMATING');
INSERT INTO `ClassGroup` VALUES (393,10,'WOOD FRAMING');
INSERT INTO `ClassGroup` VALUES (394,10,'MASONRY');
INSERT INTO `ClassGroup` VALUES (395,11,'CONSTRUCTION SUPERVISOR LICENS');
INSERT INTO `ClassGroup` VALUES (396,12,'INTRO TO CONSTRUCTION MANAGEME');
INSERT INTO `ClassGroup` VALUES (404,12,'BUILDING CONSTRUCTION');
INSERT INTO `ClassGroup` VALUES (417,12,'CONSTRUCTION SURVEYING');
INSERT INTO `ClassGroup` VALUES (429,12,'STATICS/STRENGTH MATERIALS');
INSERT INTO `ClassGroup` VALUES (439,12,'ESTIMATING');
INSERT INTO `ClassGroup` VALUES (449,12,'MATERIALS TEST & QUALITY CNTRL');
INSERT INTO `ClassGroup` VALUES (462,12,'CONSTRUCTION PROJECT MANAGEMEN');
INSERT INTO `ClassGroup` VALUES (471,12,'CONSTRUCTION PROJECT SCHEDULIN');
INSERT INTO `ClassGroup` VALUES (480,12,'EXECUTIVE MANAGEMENT FOR CM');
INSERT INTO `ClassGroup` VALUES (482,12,'MODERN CONST DELIVERY MTHDS');
INSERT INTO `ClassGroup` VALUES (484,12,'CONSTRUCTION LAW');
INSERT INTO `ClassGroup` VALUES (487,12,'REAL ESTATE DEVELOPMENT');
INSERT INTO `ClassGroup` VALUES (490,13,'CONSTRUCTION MGMT THEORY');
INSERT INTO `ClassGroup` VALUES (491,13,'CONSTRUCTION ESTIMATING');
INSERT INTO `ClassGroup` VALUES (492,13,'CONSTRUCTION PROJ SCHEDULING');
INSERT INTO `ClassGroup` VALUES (493,13,'CONSTRUCTION PROJ CONTROL');
INSERT INTO `ClassGroup` VALUES (494,13,'CONTRACTS & CODES');
INSERT INTO `ClassGroup` VALUES (495,14,'COOP EDUCATION 1');
INSERT INTO `ClassGroup` VALUES (512,14,'COOP EDUCATION 2');
INSERT INTO `ClassGroup` VALUES (529,14,'COOP PROFESSIONAL DEVELOPMENT');
INSERT INTO `ClassGroup` VALUES (530,14,'ADDTIONAL COOP WORK SEMESTER');
INSERT INTO `ClassGroup` VALUES (536,15,'VISUALIZATION I/DRAWING I');
INSERT INTO `ClassGroup` VALUES (542,15,'DESIGN MAGIC');
INSERT INTO `ClassGroup` VALUES (545,15,'COLOR & COMPOSITION');
INSERT INTO `ClassGroup` VALUES (557,16,'EPIC THEMES SPECIAL TOPICS');
INSERT INTO `ClassGroup` VALUES (558,17,'INTN''L ECONOMICS');
INSERT INTO `ClassGroup` VALUES (559,17,'SPECIAL TOPICS IN ECONOMICS');
INSERT INTO `ClassGroup` VALUES (560,17,'PRINCIPLES OF ECONOMICS');
INSERT INTO `ClassGroup` VALUES (566,17,'MACROECONOMICS');
INSERT INTO `ClassGroup` VALUES (567,17,'MICROECONOMICS');
INSERT INTO `ClassGroup` VALUES (568,17,'THE GLOBAL ECONOMY');
INSERT INTO `ClassGroup` VALUES (569,18,'ELECTROMAGNETIC FIELD THEORY');
INSERT INTO `ClassGroup` VALUES (571,18,'SENIOR DESIGN I');
INSERT INTO `ClassGroup` VALUES (575,18,'ELECTROMECHANICAL SYSTEMS I');
INSERT INTO `ClassGroup` VALUES (579,19,'SEMICONDUCTOR DEVICES');
INSERT INTO `ClassGroup` VALUES (581,19,'NETWORK THEORY I');
INSERT INTO `ClassGroup` VALUES (591,19,'DIGITAL LOGIC');
INSERT INTO `ClassGroup` VALUES (599,19,'ELEC CIRCUIT ANALYSIS & DESIGN');
INSERT INTO `ClassGroup` VALUES (605,19,'CIRCUIT THEORY AND APPLICATION');
INSERT INTO `ClassGroup` VALUES (615,19,'EMBEDDED COMPUTER SYSTEMS');
INSERT INTO `ClassGroup` VALUES (618,19,'INDEPENDENT STUDY ELECTRONICS');
INSERT INTO `ClassGroup` VALUES (620,19,'DATA COMMUNICATIONS');
INSERT INTO `ClassGroup` VALUES (622,19,'OBJECT ORIENTED PROG ENG');
INSERT INTO `ClassGroup` VALUES (626,19,'ANALOG CIRCUIT DESIGN');
INSERT INTO `ClassGroup` VALUES (630,19,'ELECTRIC MACHINES & TRNSFRMS');
INSERT INTO `ClassGroup` VALUES (633,19,'ELECTRONICS II');
INSERT INTO `ClassGroup` VALUES (637,19,'SIGNALS AND SYSTEMS');
INSERT INTO `ClassGroup` VALUES (638,19,'SPECIAL TOPICS ELECTRONICS');
INSERT INTO `ClassGroup` VALUES (640,19,'INTRO TO NANOTECHNOLOGY');
INSERT INTO `ClassGroup` VALUES (643,19,'ENGINEERING SIGNALS & SYSTEMS');
INSERT INTO `ClassGroup` VALUES (647,19,'MOTORS AND CONTROLS');
INSERT INTO `ClassGroup` VALUES (651,19,'DIGITAL COMMUNICATION SYSTEMS');
INSERT INTO `ClassGroup` VALUES (652,20,'INTRODUCTION TO ENGINEERING');
INSERT INTO `ClassGroup` VALUES (688,20,'FUNDAMENTALS OF CAD & CAM');
INSERT INTO `ClassGroup` VALUES (704,21,'ENGLISH SECOND LANG I (COMP)');
INSERT INTO `ClassGroup` VALUES (712,21,'ESL LEARNING CIRCLE');
INSERT INTO `ClassGroup` VALUES (713,21,'ENGLISH LANGUAGE SKILLS');
INSERT INTO `ClassGroup` VALUES (721,21,'ENGLISH COMPOSITION');
INSERT INTO `ClassGroup` VALUES (723,21,'ENGLISH I');
INSERT INTO `ClassGroup` VALUES (761,21,'LITERATURE AND COMPOSITION');
INSERT INTO `ClassGroup` VALUES (763,21,'ENGLISH II');
INSERT INTO `ClassGroup` VALUES (769,22,'INTRO TO FACILITY MANAGEMENT');
INSERT INTO `ClassGroup` VALUES (770,22,'FM PROPERTY MANAGEMENT');
INSERT INTO `ClassGroup` VALUES (771,22,'FACILITY SPACE UTILIZ & MGMT');
INSERT INTO `ClassGroup` VALUES (772,22,'PROJECT MGMT FOR FACILITY MGRS');
INSERT INTO `ClassGroup` VALUES (773,22,'BUILDING OPERATIONS');
INSERT INTO `ClassGroup` VALUES (774,22,'FACILITY OPERATIONS');
INSERT INTO `ClassGroup` VALUES (776,23,'PRINCIPLES FACILITIES MGMT');
INSERT INTO `ClassGroup` VALUES (777,23,'REAL ESTATE&PROPERTY DEVELOPME');
INSERT INTO `ClassGroup` VALUES (778,23,'FINANCE FOR FACILITY MANAGER');
INSERT INTO `ClassGroup` VALUES (779,23,'PROJECT MANAGEMENT');
INSERT INTO `ClassGroup` VALUES (780,24,'FIRST YEAR SEMINAR');
INSERT INTO `ClassGroup` VALUES (826,25,'U.S. HISTORY TO 1877');
INSERT INTO `ClassGroup` VALUES (827,25,'SPECIAL TOPICS HISTORY');
INSERT INTO `ClassGroup` VALUES (830,25,'TECHNOLOGY & SOCIETY');
INSERT INTO `ClassGroup` VALUES (831,25,'MODERN AMERICAN HISTORY');
INSERT INTO `ClassGroup` VALUES (834,25,'HISTORY OF WORLD WAR II');
INSERT INTO `ClassGroup` VALUES (837,26,'SPECIAL TOPICS HUMANITIES');
INSERT INTO `ClassGroup` VALUES (843,26,'MEDIA CULTURE & COMMUNICATIONS');
INSERT INTO `ClassGroup` VALUES (845,26,'MCCS STUDIO');
INSERT INTO `ClassGroup` VALUES (847,26,'AMERICAN CINEMA AMER CULTURE');
INSERT INTO `ClassGroup` VALUES (848,26,'DECONSTRUCTING THE 20TH CENT');
INSERT INTO `ClassGroup` VALUES (850,26,'CONTEMPORARY ART & THEORY');
INSERT INTO `ClassGroup` VALUES (851,26,'ART & SOCIETY IN INDUSTRL AGE');
INSERT INTO `ClassGroup` VALUES (853,26,'HISTORY OF AMERICAN FOLK MUSIC');
INSERT INTO `ClassGroup` VALUES (854,26,'BOSTON VOYAGES BY BOOK & FOOT');
INSERT INTO `ClassGroup` VALUES (856,26,'SHAKESPEARE ON FILM');
INSERT INTO `ClassGroup` VALUES (858,26,'CLASSICAL WORLD ON FILM');
INSERT INTO `ClassGroup` VALUES (859,26,'9/11 LITERATURE AND FILM');
INSERT INTO `ClassGroup` VALUES (860,27,'INDUSTRIAL DESIGN STUDIO 1');
INSERT INTO `ClassGroup` VALUES (868,27,'INDUSTRIAL DESIGN STUDIO 3');
INSERT INTO `ClassGroup` VALUES (876,27,'3D REALIZATION I');
INSERT INTO `ClassGroup` VALUES (884,27,'VISUALIZATION 3: DRAW & THINK');
INSERT INTO `ClassGroup` VALUES (892,27,'INDUSTRIAL DESIGN STUDIO 5');
INSERT INTO `ClassGroup` VALUES (898,27,'CAD 2: SOLID MODELING');
INSERT INTO `ClassGroup` VALUES (904,27,'HUMAN FACTORS IN DESIGN');
INSERT INTO `ClassGroup` VALUES (905,27,'INFORMATION ARCHITECTURE 1');
INSERT INTO `ClassGroup` VALUES (911,28,'INTERIOR STUDIO I');
INSERT INTO `ClassGroup` VALUES (915,28,'INTERIOR STUDIO III');
INSERT INTO `ClassGroup` VALUES (917,28,'MATERIALS');
INSERT INTO `ClassGroup` VALUES (918,28,'DRAWING III');
INSERT INTO `ClassGroup` VALUES (920,28,'INTERIOR STUDIO V');
INSERT INTO `ClassGroup` VALUES (922,28,'CONSTRUCTION DOCUMENTS');
INSERT INTO `ClassGroup` VALUES (924,28,'BEHAVIORAL ASPECTS OF DESIGN');
INSERT INTO `ClassGroup` VALUES (925,29,'JOURNEYMAN ELECTRICIAN I');
INSERT INTO `ClassGroup` VALUES (926,29,'JOURNEYMAN ELECTRICIAN II');
INSERT INTO `ClassGroup` VALUES (927,29,'JOURNEYMAN ELECTRICIAN III');
INSERT INTO `ClassGroup` VALUES (928,29,'JOURNEYMAN ELECTRICIAN IV');
INSERT INTO `ClassGroup` VALUES (929,29,'MASTER ELECTRICIAN');
INSERT INTO `ClassGroup` VALUES (930,30,'LITERATURE - 20TH CENTURY');
INSERT INTO `ClassGroup` VALUES (931,30,'POETRY WORKSHOP');
INSERT INTO `ClassGroup` VALUES (933,30,'CONTEMPORARY LITERATURE');
INSERT INTO `ClassGroup` VALUES (935,30,'THE ART OF THE STORY');
INSERT INTO `ClassGroup` VALUES (936,30,'SHORT FICTION');
INSERT INTO `ClassGroup` VALUES (937,31,'MACHINE SETUP & OPERATION 1');
INSERT INTO `ClassGroup` VALUES (938,31,'MACHINE SETUP & OPERATION 2');
INSERT INTO `ClassGroup` VALUES (939,31,'MACHINE SETUP & OPERATION 3');
INSERT INTO `ClassGroup` VALUES (940,31,'MACHINE TOOLING IV');
INSERT INTO `ClassGroup` VALUES (941,32,'INTRODUCTION TO MANAGEMENT');
INSERT INTO `ClassGroup` VALUES (946,32,'COMPUTER BUSINESS APPLICATIONS');
INSERT INTO `ClassGroup` VALUES (950,32,'DECISION ANALYSIS FOR BUSINESS');
INSERT INTO `ClassGroup` VALUES (951,32,'MANAGEMENT INFORMATION SYSTEMS');
INSERT INTO `ClassGroup` VALUES (952,32,'MANAGEMENT COMMUNICATIONS');
INSERT INTO `ClassGroup` VALUES (956,32,'RESEARCH METHODS IN BUSINESS');
INSERT INTO `ClassGroup` VALUES (958,32,'BUSINESS RESEARCH METHODS');
INSERT INTO `ClassGroup` VALUES (963,32,'FINANCIAL ACCOUNTING');
INSERT INTO `ClassGroup` VALUES (985,32,'PRINCIPLES OF MARKETING');
INSERT INTO `ClassGroup` VALUES (986,32,'MANAGING & LEADING ORGS');
INSERT INTO `ClassGroup` VALUES (991,32,'LEADERSHIP & MANAGEMENT');
INSERT INTO `ClassGroup` VALUES (1000,32,'TECHNOLOGY ACQUISITION');
INSERT INTO `ClassGroup` VALUES (1001,32,'ENTREPRENEURIAL MARKETING');
INSERT INTO `ClassGroup` VALUES (1002,32,'ENGINEERING ECONOMY');
INSERT INTO `ClassGroup` VALUES (1003,32,'PROJECT PLAN SCHED & CONTROL');
INSERT INTO `ClassGroup` VALUES (1020,32,'BUSINESS LAW');
INSERT INTO `ClassGroup` VALUES (1022,32,'PROJECT EVAL & PERFORMANCE');
INSERT INTO `ClassGroup` VALUES (1023,32,'MARKETING MANAGEMENT');
INSERT INTO `ClassGroup` VALUES (1028,32,'PROJECT MANAGEMENT CAPSTONE');
INSERT INTO `ClassGroup` VALUES (1032,32,'BUS RELATIONS & HR MGMT');
INSERT INTO `ClassGroup` VALUES (1035,32,'PROJECT MANAGEMNT APPLICATIONS');
INSERT INTO `ClassGroup` VALUES (1037,32,'BUS OPERATIONS & PROCESS MGMT');
INSERT INTO `ClassGroup` VALUES (1039,32,'LEADERSHIP');
INSERT INTO `ClassGroup` VALUES (1040,32,'EXECUTIVE LEADERSHIP');
INSERT INTO `ClassGroup` VALUES (1041,32,'QUANT METHODS IN FM RESEARCH');
INSERT INTO `ClassGroup` VALUES (1043,33,'MANUFACTURING PROCESSES');
INSERT INTO `ClassGroup` VALUES (1047,33,'COMPUTER AIDED MANUFACTURING');
INSERT INTO `ClassGroup` VALUES (1049,34,'BASIC ALGEBRA');
INSERT INTO `ClassGroup` VALUES (1051,34,'COLLEGE MATHEMATICS');
INSERT INTO `ClassGroup` VALUES (1081,34,'COLLEGE MATH A');
INSERT INTO `ClassGroup` VALUES (1083,34,'APPLICATIONS IN COLLEGE MATH');
INSERT INTO `ClassGroup` VALUES (1084,34,'STATISTICS & APPLICATIONS');
INSERT INTO `ClassGroup` VALUES (1088,34,'COLLEGE MATH B');
INSERT INTO `ClassGroup` VALUES (1090,34,'COLLEGE MATH C');
INSERT INTO `ClassGroup` VALUES (1091,34,'PRECALCULUS');
INSERT INTO `ClassGroup` VALUES (1099,34,'FOUNDATIONS APPLIED MATH I');
INSERT INTO `ClassGroup` VALUES (1101,34,'CALCULUS I');
INSERT INTO `ClassGroup` VALUES (1103,34,'ENGINEERING CALCULUS I');
INSERT INTO `ClassGroup` VALUES (1141,34,'INTEGRATED ENG CALCULUS I');
INSERT INTO `ClassGroup` VALUES (1151,34,'ENGINEERING CALCULUS II');
INSERT INTO `ClassGroup` VALUES (1159,34,'CALCULUS III');
INSERT INTO `ClassGroup` VALUES (1161,34,'MULTIVARIABLE CALCULUS');
INSERT INTO `ClassGroup` VALUES (1179,34,'PROB & STATS FOR ENGINEERS');
INSERT INTO `ClassGroup` VALUES (1185,34,'ADVANCED STATISTICS');
INSERT INTO `ClassGroup` VALUES (1187,34,'DISCRETE MATH');
INSERT INTO `ClassGroup` VALUES (1199,34,'DIFFERENTIAL EQUATIONS');
INSERT INTO `ClassGroup` VALUES (1213,34,'DIFF EQAT & SYSTEMS MODELING');
INSERT INTO `ClassGroup` VALUES (1217,34,'LINEAR ALGEBRA & MATRIX THEORY');
INSERT INTO `ClassGroup` VALUES (1235,34,'OPERATIONS RESEARCH');
INSERT INTO `ClassGroup` VALUES (1237,34,'SPECIAL TOPICS APPLIED MATH');
INSERT INTO `ClassGroup` VALUES (1239,34,'PARTIAL DIFFERENTIAL EQUATIONS');
INSERT INTO `ClassGroup` VALUES (1241,34,'APPLIED MATH FINAL YR DES I');
INSERT INTO `ClassGroup` VALUES (1243,35,'ENGINEERING STATICS');
INSERT INTO `ClassGroup` VALUES (1250,35,'ENGINEERING THERMODYNAMICS I');
INSERT INTO `ClassGroup` VALUES (1254,35,'ENGINEERING GRAPHICS');
INSERT INTO `ClassGroup` VALUES (1268,35,'MECHANICS OF MATERIALS');
INSERT INTO `ClassGroup` VALUES (1272,35,'ENGINEERING THERMODYNAMICS II');
INSERT INTO `ClassGroup` VALUES (1286,35,'INDEPENDENT STUDY');
INSERT INTO `ClassGroup` VALUES (1287,35,'DESIGN OF MACHINE ELEMENTS');
INSERT INTO `ClassGroup` VALUES (1294,35,'ENGINEERING FLUID MECHANICS');
INSERT INTO `ClassGroup` VALUES (1312,35,'ENGINEERING MECHANICS');
INSERT INTO `ClassGroup` VALUES (1316,35,'SPECIAL TOPICS MECHANICAL');
INSERT INTO `ClassGroup` VALUES (1317,35,'ENGINEERING HEAT TRANSFER');
INSERT INTO `ClassGroup` VALUES (1319,36,'AUTOCAD');
INSERT INTO `ClassGroup` VALUES (1320,36,'FUNDAMENTALS BLD INFO MODELING');
INSERT INTO `ClassGroup` VALUES (1321,36,'BEYOND BASICS OF BIM');
INSERT INTO `ClassGroup` VALUES (1322,36,'REVIT STRUCTURE');
INSERT INTO `ClassGroup` VALUES (1323,36,'REVIT MEP');
INSERT INTO `ClassGroup` VALUES (1324,36,'INTRO AUTOCAD MEP & REVIT MEP');
INSERT INTO `ClassGroup` VALUES (1325,37,'SPECIAL TOPICS PHILOSOPHY');
INSERT INTO `ClassGroup` VALUES (1327,37,'PHILOSOPHY AND RELIGION');
INSERT INTO `ClassGroup` VALUES (1328,37,'ETHICS');
INSERT INTO `ClassGroup` VALUES (1332,38,'COLLEGE PHYSICS I');
INSERT INTO `ClassGroup` VALUES (1341,38,'PHYSICS A');
INSERT INTO `ClassGroup` VALUES (1344,38,'CONCEPTUAL PHYSICS');
INSERT INTO `ClassGroup` VALUES (1352,38,'ENGINEERING PHYSICS I');
INSERT INTO `ClassGroup` VALUES (1415,38,'ENGINEERING PHYSICS II');
INSERT INTO `ClassGroup` VALUES (1430,38,'SPECIAL TOPICS PHYSICS');
INSERT INTO `ClassGroup` VALUES (1431,39,'SPECIAL TOPICS POLI SCI');
INSERT INTO `ClassGroup` VALUES (1432,39,'AMERICAN GOVERNMENT');
INSERT INTO `ClassGroup` VALUES (1434,39,'INTERNATIONAL POLITICS');
INSERT INTO `ClassGroup` VALUES (1436,39,'MEDIA AND POLITICS');
INSERT INTO `ClassGroup` VALUES (1437,40,'INTRO TO PROJECT MANAGEMENT');
INSERT INTO `ClassGroup` VALUES (1438,40,'PROJECT PLANNING & CONTROL');
INSERT INTO `ClassGroup` VALUES (1439,40,'PROJECT TEAM MANAGEMENT');
INSERT INTO `ClassGroup` VALUES (1440,40,'PRJ RISK MGMT AND EVALUATION');
INSERT INTO `ClassGroup` VALUES (1441,40,'PROJECT MGMT CAPSTONE');
INSERT INTO `ClassGroup` VALUES (1442,41,'PSYCHOLOGY OF ADULTHOOD');
INSERT INTO `ClassGroup` VALUES (1443,41,'SPECIAL TOPICS PSYCHOLOGY');
INSERT INTO `ClassGroup` VALUES (1445,41,'SPORTS PSYCHOLOGY');
INSERT INTO `ClassGroup` VALUES (1446,41,'INDUSTRIAL-ORG PSYCHOLOGY');
INSERT INTO `ClassGroup` VALUES (1450,42,'MSCM SELF-PACED RESEARCH M1');
INSERT INTO `ClassGroup` VALUES (1451,43,'SPECIAL TOPICS SOCIOLOGY');
INSERT INTO `ClassGroup` VALUES (1454,43,'MARRIAGE AND FAMILY');
INSERT INTO `ClassGroup` VALUES (1456,44,'CONSTRUCTION SURVEYING');
INSERT INTO `ClassGroup` VALUES (1458,45,'STRATEGIC TECH BUSINESS MGMT');
INSERT INTO `ClassGroup` VALUES (1459,45,'MGMT OF NEW PRODUCT DEVELOPMNT');
INSERT INTO `ClassGroup` VALUES (1460,46,'WELDING I');
INSERT INTO `ClassGroup` VALUES (1463,46,'WELDING II');
INSERT INTO `ClassGroup` VALUES (1466,46,'WELDING III');
INSERT INTO `ClassGroup` VALUES (1469,46,'WELDING IV (ADVANCED TOPICS)');
INSERT INTO `ClassGroup` VALUES (1472,46,'WELDING V (SHEET METAL ARC)');
COMMIT;
